price_ratio,days_since_change,seller_rating,is_fake
1.6243561663863075,22,4.1134327656282395,0
2.431000028973883,17,4.657822970897367,0
2.124791518535967,9,3.5183046084770666,0
1.9381218778758513,1,4.3976640518078405,0
1.3184260966194112,21,4.348262520984461,0
1.3183923284706838,20,4.574268612099428,0
1.1813170570354794,13,4.39854404716599,0
2.312646604084909,28,4.7401982417136175,0
1.9415610164404924,16,4.938612191846042,0
2.091301608914464,29,4.0137863857678155,0
1.1288182920141234,13,3.8410264745449805,0
2.457873793026792,14,4.135395293630724,0
2.26541969712059,3,3.9318944247135894,0
1.3972747549495868,29,4.4224253947289816,0
1.3545549540899409,6,4.867778613264447,0
1.3567663137948074,18,3.7086742912145927,0
1.5259391401433529,19,3.65119190452383,0
1.834659004285133,5,3.884023297780493,0
1.704723026098962,15,4.589143379093601,0
1.5077207962772587,25,4.389444357888232,0
1.9565940526113312,2,3.6533189963377994,0
1.2952914049128585,10,4.87812578339112,0
1.5090025079493055,24,4.68512695568613,0
1.6129065806111684,18,3.5345339071814563,0
1.7384979779038503,27,4.477050816482369,0
2.199246345950219,13,4.656870002779607,0
1.3795432950217037,5,4.061653054580633,0
1.8199282137790562,23,3.6033823090508283,0
1.9293803964068594,24,3.615981598233181,0
1.1650305778079968,1,3.6563704490777145,0
1.9505627926620137,22,4.760659447970634,0
1.3387337731622082,1,4.8660292973835695,0
1.1910722301793915,18,3.6842161727686005,0
2.4284397521546666,15,3.8538590518926217,0
2.451884846304383,17,3.7482807655509345,0
2.2317562873630457,11,3.779481319241181,0
1.526459276842719,21,4.756236183503738,0
1.2367409596089374,26,3.998219618982408,0
2.0579262371170195,25,3.9671663960684618,0
1.7162134912354419,22,3.841093431315669,0
1.2708535287826903,27,4.411841590691388,0
1.7932476741557783,27,4.068958547578323,0
1.1481439295613058,17,4.616374477764934,0
2.373048562910295,13,3.808369712563456,0
1.4622919742400238,1,4.681684833071738,0
2.027531198095575,2,4.405582297595209,0
1.5363955065251753,9,3.6714009500835316,0
1.8280952296489352,3,4.121756876305442,0
1.8653943910805917,1,4.795277210919435,0
1.3587962377357379,21,4.884440347697727,0
2.457418478870382,16,4.19855018347822,0
2.1851859527055604,23,4.22125546713361,0
2.4152985181898647,6,4.877682087408951,0
2.3527582905987083,28,4.380602336204851,0
1.9370599703355191,17,3.5492700053651576,0
2.3906239290323636,5,4.869124194318694,0
1.2238895028726873,5,3.872339664135728,0
1.3743760073868034,6,4.366447931137321,0
1.1633182044747534,3,3.7482699761419607,0
1.55546246306857,21,3.5508187403698925,0
1.644148205565275,23,3.9672097566991362,0
1.4798886444834545,5,4.6707435613191315,0
2.260232512812701,21,3.9163807589441273,0
1.599454657371025,5,3.8301458211216457,0
1.493308313562333,10,3.8190211765118396,0
1.859774516421548,10,4.272760523610219,0
1.2972939149646678,19,4.963311973524134,0
2.2230757730556556,17,4.18848348202552,0
1.2043709011516792,21,4.335958053335072,0
2.4816417112407243,14,4.790948026836101,0
2.1811426770153206,9,4.302604578400488,0
1.3782019541478414,14,3.776694307128284,0
1.1077309639730435,1,3.9493938676497153,0
2.241645999836768,19,3.9649053894029165,0
2.089600281386664,13,4.095977173186396,0
2.120610035257382,13,4.140183358005125,0
2.179778485360324,4,4.699673033111404,0
1.2036625124277265,1,4.0240804985739995,0
1.6018520199619817,17,4.202347742662069,0
1.2622166833351818,8,4.437463980576578,0
2.308344796225831,2,4.066588921160254,0
1.9726173775585811,28,4.754847219938499,0
1.563257234793709,8,4.3811804063511115,0
1.1889816904004331,7,3.941067018831457,0
1.5353752504019271,26,4.571088799684743,0
1.555256650837446,26,4.291471595217178,0
2.12144864967329,2,4.3016838368858705,0
1.9925804598972983,22,4.221631922581379,0
2.3420978396068572,22,4.245517923231874,0
1.761100895226729,3,4.648034421599361,0
1.2674319443136224,27,3.654472218996973,0
2.098542702112193,18,4.001544216965724,0
2.1650990680636566,12,3.613255045705834,0
1.8857880765972947,1,4.629869331121176,0
2.1793540519363854,22,3.9084527820804493,0
1.791313834910147,12,4.846145614728327,0
1.8318259611347916,5,4.289867699988941,0
1.6985574257019695,27,4.701124657229181,0
1.1355867774417334,25,4.9683971534239415,0
1.2510479977906264,17,4.759683289184856,0
1.144000859961428,16,4.800490640017285,0
1.9909745757692927,15,4.111976743047267,0
1.5400983735068574,23,4.32758389288901,0
1.8119989676305839,15,3.8808328460649566,0
2.37059306349653,5,3.794169649540179,0
1.449009120808425,21,4.258261818659051,0
1.6745360922498818,14,4.392573469550631,0
2.157771593960268,2,4.008906868844287,0
1.4203174316882716,11,4.354165276645251,0
1.2077718737603103,19,4.831190723770255,0
1.5056520340792754,7,4.335082377175049,0
1.3257098021556062,6,4.58121964446576,0
2.401576713279602,28,4.7079724510368575,0
2.2313685313901837,2,4.983093172933164,0
1.986765259114593,6,4.404796103265469,0
2.320044826262805,18,4.710275223443879,0
2.2251409076587603,2,4.943973977832312,0
1.3611980824404504,18,4.91661458836591,0
2.349582597885969,15,3.7116227731665705,0
1.8550791386819112,27,4.109588462410283,0
2.2304162172296875,19,3.9859850916601993,0
2.3545278198928905,2,3.630387522425524,0
1.5452048649606094,20,4.449861162366441,0
1.2540726943387475,25,4.603856919794003,0
1.4191092275587185,6,4.772192143200325,0
1.6979509040767589,1,3.684165334494063,0
2.2452206722914907,24,4.81466611381294,0
2.305022816558881,15,4.46438834542138,0
1.109732982743667,28,4.555919202707765,0
1.815046223608592,23,4.865936005310456,0
1.6843754044082906,10,4.437141906564877,0
1.4109509346590223,19,4.003798785724753,0
1.267811514267156,17,4.73766099713399,0
1.5726612399650792,5,4.0445888182926355,0
2.420073585477527,29,3.5513421662307936,0
1.5524841048290574,4,4.745981759847875,0
1.8263068704407126,10,4.017788217321914,0
2.084226542453249,24,4.66075178480201,0
1.6090814433310117,17,4.0441368419989185,0
2.460494915809345,10,4.791602029962082,0
2.4474262129189555,17,3.829265787621438,0
1.4524952141555099,28,4.9618208977983045,0
1.7961479082493397,20,4.669638162182046,0
1.5212296337434776,24,3.671356888880595,0
1.4987766921284547,5,4.348664929949841,0
1.151641726296346,2,4.978050968362602,0
1.9533900675718556,6,4.206598179040721,0
1.8037506325204062,21,3.773160708232375,0
1.1720702517499852,2,4.227167550725519,0
1.490105049931256,13,4.268686483822883,0
2.3715722403533155,11,4.612530416342999,0
1.4353866469337615,11,4.548268779741356,0
1.3028528209277124,16,4.103825065395471,0
1.785233864388588,11,3.8270346612411297,0
2.479910635754841,19,4.467581251653995,0
1.4388773801161006,15,4.132555901829923,0
2.04098976636823,25,3.6984143166879955,0
2.1662674614602047,23,4.850858451854578,0
1.4326925615893595,23,4.5368327864144815,0
2.119502888056603,16,4.524775784668222,0
1.6148963858069547,11,4.733875813867511,0
1.9852281628310113,22,4.294492517982622,0
1.9869415950652525,16,4.722581642603686,0
1.8500845577046618,8,4.247136130266509,0
1.2264056780761716,4,3.600763099873565,0
2.269423493824933,8,4.107872132041533,0
1.5490920909604302,4,4.246197340969836,0
1.361125914559796,24,4.580303872448444,0
1.1570851981766697,25,3.6598680951930116,0
1.9272501204635386,3,3.7100278079906737,0
2.048590106579195,3,3.8955257039519244,0
1.1232229604989987,27,3.8997475900563234,0
1.8169302816189934,29,4.598276867688593,0
1.4170940852771132,18,3.876095990842397,0
2.00324190657323,29,4.4496470950361715,0
1.3441130006069881,26,4.241410775207407,0
2.0673128333434523,19,4.359941567269101,0
1.6414294848207525,19,4.757160444767443,0
2.4114219842314286,21,4.106572252323536,0
1.2925293218043907,5,4.656367065596406,0
1.5774928914703619,18,4.133054089326031,0
1.2588629297368248,28,4.030807064841874,0
2.3945710655899877,10,4.937940765969831,0
2.3282750947333737,29,3.7765563810184446,0
1.461118278801218,22,3.635505440866412,0
2.023977664447851,21,4.6564788883032175,0
2.2441110802817024,6,3.6023745580311375,0
1.8772811362392474,1,4.755618486054544,0
1.8415108096984092,5,4.155790094535865,0
1.4385932072606324,9,4.873270515937871,0
1.230343874928259,12,4.582299291682858,0
2.3561020611346573,26,4.415607000511937,0
2.360585280028663,14,4.923960195586648,0
1.986342040182575,2,4.094974059578082,0
1.574641707468181,17,4.9311304048094495,0
1.5888934044577252,14,3.7025019161318102,0
2.116337950418335,26,4.225632412898619,0
2.3559543639336082,13,3.9048668335882923,0
2.341920993971164,27,4.30976416836229,0
2.191825764200673,9,3.743020816837377,0
1.998844304616003,26,4.762294490465065,0
1.2177959509930685,25,4.769611773971835,0
1.3262801997324594,15,4.9328544690852185,0
2.357975863937911,25,3.7320082113248545,0
1.949000683523426,22,4.434998826357486,0
1.1128758722632817,15,4.211355963050554,0
1.242060160012445,24,4.01657559806635,0
2.028902476751278,11,4.027310241701328,0
1.1070862173847063,16,4.119190325910129,0
1.325131271984498,29,4.557388324533429,0
1.8682273051132205,17,4.397429087402232,0
2.0686532767697705,26,4.189522269141697,0
2.0127457633036405,4,3.6139001155544332,0
1.4139770332447839,1,3.6166480161184356,0
2.0970509098865504,8,3.5035090859386675,0
1.43214872249552,17,4.951549082310629,0
1.555559577422975,3,3.5078807278375774,0
2.145087967165234,29,3.6546406190206175,0
2.0094860586661003,20,3.9718948352141163,0
2.288912774691849,15,4.711145377725142,0
2.0206580492204806,15,4.943148178646176,0
1.8956320446696604,24,4.685020338187784,0
1.2311446749593296,22,4.535840348668461,0
1.614802124283207,14,4.281951001120354,0
1.4712833147544158,26,3.6300578177932756,0
1.441585500730717,28,4.937256189505895,0
2.4622147766534237,23,4.637588620918522,0
1.6503368145334645,14,4.458424078001393,0
2.3488651772479585,24,4.638553768308275,0
1.9835940763961681,2,4.586154993909708,0
2.212735824958308,13,4.45584736968423,0
1.8036919303472692,26,4.970865200269982,0
1.907665438476903,14,4.855045718954037,0
1.7895247713464095,27,4.469997378675745,0
1.3733401829172625,24,4.539762817185387,0
2.1114329613661074,19,3.577393709988065,0
1.4930813074171982,7,4.504876196825059,0
1.1340423530040356,3,3.56624815656515,0
2.0036612142700347,15,4.3823956354548965,0
1.3479549511698685,23,4.999030249348753,0
2.41664201809408,14,4.33370987215577,0
2.4355000078036224,11,4.209815177122,0
2.3808101463086278,15,3.969282284758381,0
1.6182221803576222,28,3.6807838681796965,0
1.1216392631404144,13,4.596535507187422,0
2.3996459876228156,18,3.7888985416784458,0
1.6994578076442401,26,3.6729230318709267,0
2.4533167466611374,6,4.132643989595769,0
2.449067967924954,3,4.693012756938646,0
2.2942132376543043,19,4.617596822180331,0
1.51222844889742,15,3.5823239219697123,0
1.6391368200426955,25,4.182715527554234,0
2.2915913401236,23,4.283651864106753,0
1.5436908072187887,5,4.4668199759387335,0
1.3372898453605295,28,4.475251025664842,0
1.8795217674416902,10,4.047045874185959,0
2.4106166838250935,7,4.341015791005271,0
2.074441715344962,25,4.2215928257661295,0
1.898085638125111,17,4.827497534784921,0
1.236047091279076,7,4.295397698952351,0
1.9610101173788377,22,4.161548242622242,0
2.4860753901459685,26,4.106728174522776,0
1.2961176213311338,12,4.358641639150198,0
1.8256615133092313,25,4.705965469101346,0
2.3283223006991376,17,4.307602235571181,0
2.1370760648558864,13,4.492482762620813,0
2.075822037393375,20,4.606783650359787,0
2.083477717581953,25,4.280252164818098,0
1.6032876117076573,4,4.140225584982296,0
1.5110285819702907,10,4.814998066793674,0
2.233105617669919,3,4.126259126041838,0
2.234158752550853,9,4.192914275863381,0
2.3139012460121453,13,4.9855119700126656,0
2.37853677357906,18,3.500356285363827,0
1.815879358405313,15,3.778209364365084,0
1.8021228125620796,4,4.0759458348795885,0
2.217613250553485,15,4.898884864137879,0
2.009949503088871,22,3.6050445586212065,0
2.0827536281607846,2,3.5142281504427473,0
2.214109737210541,15,3.5790257539658428,0
2.3460074785445926,8,3.6328151159204274,0
1.57319321959215,8,3.5563951598093912,0
1.6258161336959218,17,4.219671990284757,0
1.2315747157772168,12,4.3711358108409915,0
1.9095921973946437,19,3.907530456603506,0
1.150319183315439,10,4.097431075963454,0
1.7518372253854442,9,3.637549002667145,0
1.8597024885906073,5,4.004555695742633,0
1.5011577529795983,6,4.2837787874517845,0
1.927166564796615,20,4.598407710776968,0
1.1427003499146693,26,3.505019543064469,0
1.1522874642489003,2,4.2009661498064785,0
2.251640784923522,27,3.9455043146823234,0
1.6042668979757682,24,4.779232732537852,0
1.277884717712639,27,4.573329972851363,0
1.8311405640767262,13,4.383662801706342,0
2.177990974338055,6,3.9158984685451603,0
1.4021494384955804,5,4.865508653086302,0
1.9720466661466003,25,3.5676510158304846,0
1.2194864509912753,1,3.6642013980186725,0
1.1723544096360508,21,4.087445210810534,0
1.8438964841954073,22,3.6866563359452846,0
1.8568891702541492,21,4.934623546339138,0
1.992401862097489,6,4.696983983215075,0
2.116527867211726,6,3.8884739774027204,0
2.4661929112475485,23,4.382831343459868,0
1.8228204876216734,16,4.973495772620122,0
1.5521390621177444,4,4.826298467197255,0
2.213260672676185,11,4.401197669663297,0
1.479165151766904,24,4.855585950762906,0
1.7145599889878906,23,4.983777364720039,0
1.2098389338791724,9,4.615029234340437,0
1.1354910407816405,23,3.597479614224341,0
2.447707780549095,3,4.102370354638231,0
2.2703721687170884,19,4.756738602924868,0
2.074363888531177,8,3.8458537937075286,0
1.6725341221799779,5,4.745963776625937,0
1.342612048099184,4,3.680508143052494,0
1.3190118597395206,24,3.5704180357217195,0
1.4503400574304335,6,4.076135917236874,0
1.8689173305885687,2,3.5550979061399204,0
2.100434291780087,20,4.935905394474989,0
2.0242763274048237,28,4.739308543690949,0
1.49190745572432,11,4.701154530694812,0
2.4368113929284716,4,4.44466688449423,0
2.133055683374076,15,3.8244860345548304,0
1.876095673515961,6,4.277390550014588,0
1.956409044728093,22,4.395911108645512,0
1.687440087398906,17,4.287547251290402,0
1.4468233853016206,24,3.890350051927291,0
1.5983617501117662,6,4.272871886472089,0
2.160984554650117,19,4.23677951130294,0
1.1201508840816583,25,4.994503663710086,0
1.2625016967096827,2,4.8461542220693055,0
1.164403698830454,15,4.19507112232343,0
1.1570203232465583,11,4.434406074402678,0
2.29764481761541,8,4.621807406138343,0
2.0851210031320333,26,3.5522977403507374,0
1.7638433607222552,19,4.84238216184176,0
1.2369678249114022,13,4.790190224626886,0
1.7882622251635654,12,4.186148146660561,0
1.762860479092792,5,4.08675464912057,0
1.3424826178740212,6,3.9094390622844726,0
1.7073923089331622,26,4.215015242495553,0
1.6579066281563228,22,3.566564995299855,0
1.9621901372731032,4,4.778290300020512,0
1.9891311112147014,19,3.5531335526278176,0
1.1634256136808625,20,3.9935770480548065,0
1.6244576604770598,1,4.897384232478485,0
1.9762038819999308,20,4.602818981785179,0
1.804390762012123,17,3.9220864408662903,0
2.2990857776636515,12,3.878973640941328,0
2.022171084266523,15,3.507623209727039,0
1.3281081979140017,1,4.543571439274626,0
1.198796246360602,26,3.5731753725097595,0
1.9993869894888419,14,4.298903779101143,0
1.1371158347582706,6,4.943182958888075,0
1.9200858137828487,5,3.664203290081681,0
2.4163223379949406,11,4.841719896452101,0
1.9056638490262305,4,4.9872130027175725,0
1.6434378966891308,13,3.5922755393588526,0
2.0006035058192944,11,4.824359403706191,0
1.7415540466881234,3,4.274118530665425,0
1.863863505042309,1,4.85977057916687,0
2.418050732287135,6,4.356978412879361,0
1.6405436929210842,18,4.493168015159847,0
2.4456667893534796,24,4.315668361996099,0
2.367490898738489,10,4.796739320461023,0
1.3741075887050151,5,4.600864878430553,0
1.1971058212252317,23,4.281890468270622,0
1.2410892019283974,10,4.802241206077321,0
1.1255105559121696,12,3.867928298383002,0
1.2322201450583,2,3.736010989553789,0
2.0562094827829,13,3.7406001579951083,0
1.1996641078443206,8,4.001013318117857,0
1.5465658824112658,2,3.8580350469515263,0
2.2828254353572364,20,4.8951355257646085,0
1.1325807100301564,1,3.658751140742876,0
2.24025587562451,5,4.548486107059381,0
1.4945966846827599,9,3.783832309677509,0
1.2654307586703188,17,4.822455699155525,0
2.075432031509811,9,4.941972932277361,0
1.9805199854918376,11,4.1982050131549755,0
2.328460818937874,15,4.818607220342198,0
2.12909946132544,24,3.507717756132072,0
2.2248733025387883,6,4.72992037611215,0
1.4948484015998291,23,3.8429377422873854,0
1.348415361291612,3,4.863051963904052,0
2.150860652297202,17,3.5016801672201643,0
2.2295686349741697,5,4.334272602559635,0
2.486707198800943,28,4.634953705677402,0
1.6776647476759972,12,3.888032496046862,0
1.6208253201098966,18,3.7896992968809395,0
2.1869781450387955,14,3.626147336701977,0
1.5771249563542251,21,3.9896503647549393,0
2.4030602558449905,24,4.339766468463244,0
2.3017778525802166,11,3.6737657851703864,0
1.7005916383250257,9,4.065043042980198,0
2.151219494908096,2,3.5136086069790875,0
2.1563600237185554,12,4.728019130749763,0
1.2443734163703057,3,3.692673077139787,0
2.3635740693513934,3,3.9250144223983723,0
1.8073533214270001,1,3.527641578107326,0
2.2570404525508385,8,4.148361175838769,0
1.5480694414428564,22,4.760182254111828,0
2.3537325198946806,28,4.088226817167795,0
1.6448823502278285,29,3.76924598513575,0
1.1151727120724177,8,4.630548251075779,0
2.367534766986969,11,4.683210472806117,0
1.2278013475005871,9,3.7606302129613502,0
1.547039092626581,5,4.656281162811485,0
2.4300867538711266,14,4.920946832384507,0
2.4308500057125784,28,3.7495663803984085,0
1.9028130433726007,3,4.656476438798203,0
1.984572097037719,21,4.562858006903944,0
1.7278237307696478,5,4.210360832652633,0
1.5104950803772903,5,3.5868806908381976,0
1.5601303635178825,19,3.612041626636781,0
2.041525838507854,27,4.778621988797972,0
2.153324341212752,14,4.985222559125971,0
2.208210661216188,26,4.514078385780132,0
2.2054653999123754,4,4.168937460515482,0
1.2276885442681666,25,4.471360465102862,0
1.792188426583614,13,4.391593788842818,0
1.1805822640233021,10,4.075418390608433,0
1.8693404352532297,25,3.5984392168610193,0
1.7181427019227278,18,4.7322694211111616,0
2.34278585586162,8,4.057750293858087,0
1.5912810175729102,8,4.72817846503564,0
1.2638938229986483,7,3.8787631245325733,0
1.3001883548739703,8,3.50154421976845,0
2.166114884404461,14,3.7384074249151347,0
1.9655052886427655,19,4.202809125152877,0
1.2415717465719065,29,4.916455452436745,0
1.2177495285609965,6,3.6532904295405784,0
2.081356784042768,1,4.781314661692349,0
1.2018682089098711,23,4.290536144317793,0
2.2506040830064986,15,4.738881148699845,0
2.088739118019095,1,3.947561646484989,0
1.2138882928986598,25,4.759920747008708,0
1.2187727997192688,17,4.659234170025207,0
2.4812954099016453,1,3.845080524547151,0
1.6239791140585687,15,3.697002689614067,0
1.6188990058936472,23,4.802081483798439,0
2.2379193941605036,2,4.944854980160198,0
2.4261480083374023,14,3.546953470621274,0
2.480401489352019,21,4.596905100460528,0
2.1547294593625184,8,4.864286766421728,0
1.626763419743282,8,4.786040138138748,0
1.2169010033781364,19,4.946780708405313,0
2.1880056822984115,7,4.640141117657146,0
1.881765949630127,19,4.163448143571365,0
1.693910812945767,6,3.967927985742696,0
2.36889613913263,6,3.9811141106571912,0
1.255676475228612,3,4.586634008921175,0
1.789675146007203,7,4.618755518046447,0
1.1158951026743869,19,3.8005387153230688,0
1.7561248987917768,8,4.802184220235796,0
1.1788245859545723,10,4.572386060303371,0
1.2663450827753007,20,4.344125429515074,0
1.264536745487947,15,4.207298690153769,0
2.0088944229624888,15,4.3148492086849375,0
2.1444628309715927,29,3.7388686074188966,0
1.9167162711360235,1,3.8055518739144114,0
2.4470415678643587,20,3.6367467356092877,0
1.6248188113331858,7,3.730487057241669,0
1.4999969207946051,27,4.180540451907924,0
2.316038779465244,4,4.295531590592384,0
1.4130341739272336,29,3.526792838717479,0
2.448511555216856,6,4.695196741796041,0
1.1170162645657429,25,3.941251960015217,0
2.4578303573906943,1,4.867754052439866,0
1.1604238767308066,29,4.951266895420666,0
2.3476003591772994,5,3.7781883120149815,0
1.8387815527208198,27,4.193145936148491,0
2.4901507145670205,23,3.5018477527496388,0
1.2033151906295585,1,4.397490897683641,0
1.875395998161849,4,4.410959672394007,0
2.4570235498667383,22,3.8713099334050627,0
1.8323369818382083,2,4.337619008874797,0
1.9811580933893675,10,3.8383102136656033,0
2.074048164578464,5,3.741238203617285,0
1.7363574906748824,27,4.477279200203397,0
1.9785813121176887,10,3.988888195928112,0
1.9180400366923402,1,4.385395908328434,0
2.3616212146873847,22,4.149870123457483,0
1.163624932478041,6,4.976527111104356,0
1.4933484654291225,13,3.7243709640013485,0
2.4305760777071823,15,4.1968978949537155,0
2.346369297447283,4,4.520684939538988,0
1.7379194538999982,13,4.093317625819953,0
1.9681856369221515,24,4.962049777806035,0
1.4883336561735858,20,4.582831441890402,0
1.363369623613266,24,4.48547578634674,0
1.7491777669159752,15,4.635588901416835,0
1.594693119236474,29,4.928972957058075,0
1.917118556591221,8,4.86172797947696,0
1.2088284917509788,5,4.586427962189617,0
2.464152730732633,29,4.6237424586519245,0
2.480695042271444,15,3.718883111052718,0
3.71954683144866,2,2.236202828237732,1
6.99633151290915,2,3.4488771009543924,1
3.12857345858378,2,1.3624126809495425,1
6.376494670861141,1,2.812889318877787,1
4.47244705943208,1,1.4779767536619726,1
5.422115973513877,2,1.845657763330871,1
8.430633150550692,2,1.771746858432988,1
9.588662529626706,2,3.3675899693468074,1
3.5069139050243905,2,3.418390444470688,1
6.739695441835115,2,1.457538610586818,1
9.1777344007372,2,1.0550879007437604,1
3.5775597410829487,1,2.800020099157783,1
8.771598328277836,2,2.0449748346762107,1
5.504609456497899,1,1.222100612718911,1
5.254662915535347,1,2.7093852639426066,1
9.842264704203501,2,2.3627638206517494,1
4.406013629036059,2,3.451292055002765,1
7.852357585758766,1,1.5685237396534473,1
8.750085096069064,2,2.0099446908163707,1
3.288284466954902,2,2.356364508488557,1
7.692698208480886,1,2.9792499711333793,1
9.66084982048729,1,2.372096641800147,1
3.8695397670964153,1,2.5322504021548733,1
9.273549118795268,2,1.565367628974852,1
7.163436461638552,1,3.1172968202213998,1
7.316232073037318,2,2.0715763674261893,1
7.290609224059241,1,1.3523990688044232,1
5.0918512043611965,1,2.660469786263543,1
9.546412707096218,1,1.5402261329632687,1
9.631453238417272,2,1.2439062755982493,1
7.377132621497635,2,3.1549672710106806,1
8.483959081591303,1,2.1504056612210993,1
7.285805901168106,1,2.873209281739441,1
6.390789133018284,1,1.7264688995158877,1
7.625740828094755,2,2.967425337294166,1
6.871010168143709,1,1.279839817553826,1
7.182331038423511,2,1.8899334344871317,1
8.486827873932032,1,3.4451545449338212,1
6.366326820142894,1,2.9849742909200154,1
3.2852787426473093,1,2.2431398257867206,1
4.147996366926481,1,1.8494436789047128,1
6.0702505154267685,1,3.1803392500561913,1
8.073785919118407,1,2.362119397711289,1
7.152950538171251,2,2.8960625446727777,1
7.552059301114177,1,2.88526920079041,1
6.3549525000340115,2,1.0448641964212295,1
7.3101941535957,1,1.3156344569815337,1
5.303122064702635,1,2.6490734159868556,1
6.291278148876655,2,1.4040495282146785,1
8.209953459164689,1,1.6387333616390118,1
9.102829452811848,2,3.3665948854990178,1
6.035587337694722,2,2.4004556459372797,1
3.3056316039515283,1,2.876823767498368,1
4.131707809027619,2,2.3949518469566,1
3.1460279750407665,2,2.381284036956813,1
7.572841134661311,1,1.2353797753142448,1
5.326202377485762,2,1.8591579815227577,1
6.797350450035573,1,1.7060772467162792,1
6.452937927486597,1,1.9768209140340331,1
3.5706854268669868,1,2.995860470560821,1
5.822829527866823,1,1.9298316697921623,1
4.543927874456263,2,2.129242048079207,1
5.928798520673569,1,1.9934534762132912,1
4.425047962395698,1,1.2335199299382391,1
8.883166843938534,2,2.102680395626959,1
4.219353356047776,1,1.4890231826112876,1
9.725463860408839,1,1.4668082394326036,1
5.911351563028585,2,1.235090261085666,1
8.923717044133344,2,1.891677435354412,1
7.401353727441616,2,2.8937047119735433,1
8.147452090660268,2,1.6911042264584901,1
8.374067216467463,2,1.780872754713784,1
6.533914173251125,2,2.606686644181059,1
6.803103663543019,2,1.4896020314672973,1
6.597971074661075,1,3.242394826058836,1
7.116408646630554,2,2.300476308128886,1
3.205761120295551,2,2.1190073508005423,1
5.768606188943107,2,2.3945504798230033,1
7.243320994928201,1,1.4150857835404886,1
7.18406495679105,1,2.533682846597941,1
8.55069266223942,2,1.907751841585026,1
7.58506537182476,2,3.2429658524115474,1
9.944933214384706,2,1.4221355166942153,1
4.986981700260515,1,2.2676277596636027,1
5.514057207663621,1,2.495281573422545,1
5.686930063074573,2,1.0834590044659531,1
6.26068964914174,1,1.9092328118903505,1
8.851986446468466,2,2.831588086752082,1
4.65054465771447,1,3.0509437686224334,1
8.432001449248006,1,1.7829049870432059,1
5.837171281600204,2,2.9964831809568784,1
7.21298768563406,2,3.419389692758472,1
7.4277837325841425,2,3.1421848401877353,1
5.609940460322541,2,1.294109970398313,1
6.588306436440636,1,2.8493258302138518,1
5.89121822253388,1,1.7991670811013618,1
3.483929503306336,1,3.4710399735301913,1
6.060157721717786,2,2.2133974578997178,1
3.681753747874865,1,1.3060847458973526,1
5.835145593562251,2,2.8129638700684767,1
7.150428798822473,1,1.8075279959655346,1
7.055904295404505,2,3.4926953927041544,1
7.638348953058243,2,3.449456144636305,1
3.666830555682384,1,2.640335045051452,1
7.564862718713065,2,1.324566122379294,1
5.185036396875129,2,2.7171524941875727,1
5.793321622959778,1,1.232576216150068,1
9.00590377745894,2,1.0734103977559808,1
3.0632128289068516,2,3.0573961155537153,1
7.118888433384238,2,1.5243823692092033,1
7.190997860700753,1,1.9475678155477434,1
5.776618434404934,1,3.4336434749404328,1
4.659194999758354,2,1.8421012546527582,1
4.642718267830857,1,1.7412244532082881,1
9.185967687625268,2,3.295519999056938,1
6.094170616480003,2,1.2768711132973953,1
5.316225540924203,2,2.8989560252865796,1
6.141443016819821,2,3.470163916631935,1
7.685732810215529,2,3.253240026936622,1
4.020295977713262,1,2.6291697967660648,1
6.146036846496164,2,1.78515198748183,1
7.115190597772709,1,1.6358049529457919,1
9.640083483960037,1,3.0481377621786527,1
4.767694474527935,2,3.199554784879238,1
5.514755235413719,2,2.3135872813642324,1
5.6555101294569665,1,1.6108498519661654,1
7.23876710351418,1,1.282358021027934,1
5.4971243712800115,1,1.2179486695795778,1
6.734583477097869,2,2.7976936183846393,1
8.472532308915206,1,2.0502968196193123,1
7.937699158785425,2,3.263399685694676,1
6.124580525588099,2,2.8491782518169093,1
9.049513243719183,2,1.4781510447864668,1
6.90698174715704,1,2.5344435470392477,1
6.779340876515487,2,2.0887636359953983,1
3.2393143615741073,2,2.4431243269215326,1
9.906850862500132,2,2.845172808346293,1
3.860795659707387,2,3.015489702509477,1
4.617916386993526,2,3.109343316016811,1
3.3618778606906887,1,1.634937186430062,1
7.480020767858396,2,1.0777889997933943,1
4.572908238808759,2,2.8482368379119327,1
4.260073062309065,1,1.2658593156394364,1
3.61988908956269,2,1.7872989715324192,1
3.7231626998681095,1,1.0095428353108677,1
7.0926949030981215,2,2.7041737060040503,1
7.817455061066168,1,1.4178300286780532,1
5.781652919250807,1,2.638206024229145,1
6.359279571144512,2,3.479356542919597,1
7.801774151880888,2,1.1816771790250407,1
3.1216585312983574,2,1.1926950298786516,1
5.26191459949195,1,1.8509502316666873,1
9.811684236492425,1,3.1659662856283552,1
7.060785607868277,1,1.5388246719783296,1
4.779572059282453,2,1.9009445498258688,1
6.652110326453492,1,1.171263516567449,1
5.398574416846407,1,2.9078882281472236,1
6.725714921784094,2,2.0207658568986275,1
3.880190582646542,1,2.898121832652107,1
3.9290025767349417,1,3.2590196108669875,1
4.00479653427575,2,1.581907867753222,1
9.578738543487892,1,3.0184900758498783,1
8.130292428389392,2,1.1477347251956331,1
4.136673262636246,2,3.2471184704506184,1
4.31844358635921,2,2.6269213688968684,1
8.115806324096134,2,3.185566810345879,1
4.093146913545217,2,1.0004709988914549,1
4.641929053343801,1,1.4227026758899812,1
9.743427829742792,1,1.9743984685662301,1
4.7871456730990225,2,1.9487572584367965,1
7.631426452598028,2,1.5668259573087766,1
9.850419011803712,1,1.9540298496680002,1
5.6200773699785485,2,1.322121780000637,1
3.1226119360344358,2,2.031902823165065,1
4.70903103295662,2,3.0058858228981604,1
8.81614033939194,1,2.197675157758378,1
9.052261851685257,1,1.0450002223630375,1
8.379635551666539,2,2.0536101039481185,1
3.7917687335360113,2,1.0679375402271103,1
8.568572601874822,1,3.4156085267669956,1
9.43074457895453,1,1.3186348985571725,1
7.204266797823653,2,2.7692208158265466,1
9.586127494366455,2,3.4319408072302147,1
8.787872185983142,1,3.06509762916643,1
7.668800618936351,1,2.7482884378155092,1
7.040296656982237,1,3.098652273751917,1
5.440015670693793,2,3.454496733151569,1
4.115012116699636,1,2.553361243133824,1
7.234677458833786,2,2.3979620170733162,1
5.2267808753268366,1,2.5705952761582034,1
9.065070672693519,1,2.3316897169038873,1
9.953358561510399,1,2.587722764774297,1
8.266994338309008,1,2.1246055199313982,1
3.6333718670093553,2,1.5461079572082679,1
5.020799168714467,2,1.300618066279189,1
3.763767422360248,1,1.170852338830651,1
7.55358153454201,2,1.6582894593830002,1
8.356336051890493,1,1.1153089108393346,1
9.479723816164983,1,2.417926949798464,1
6.0672064248839135,1,1.7095711175588006,1
9.30962954711911,1,3.0613370202175805,1
9.145238113289292,2,1.1856021824709662,1
5.220370017357791,1,1.565878735853715,1
9.082304378783997,1,2.825615367725365,1
5.629705763172085,2,2.4970207409587286,1
5.078084921921965,1,1.1612281781229188,1
7.543522611560752,1,3.1930986429055013,1
5.298668595195568,1,3.1931544070654487,1
7.4114612383040095,2,1.8260200096894346,1
7.268822638490862,1,1.8510146083739119,1
6.944072491439211,2,3.472570895875435,1
5.662937929629583,1,2.5654404289828454,1
6.839498051560337,1,2.3282913014201476,1
7.175398324897952,2,3.095380458879811,1
6.819808219468314,1,1.713225845893291,1
6.1109361692584105,1,2.0729564834908922,1
3.1026693993238466,2,1.6694416887208354,1
7.109431953908056,2,2.9729021164718286,1
4.179110695999038,2,2.433373364088045,1
7.498031782630327,2,2.6470626753501763,1
8.315410295460062,2,1.6307681245985164,1
6.50311716391519,1,1.5505632534432878,1
6.796545654858168,2,2.220936572457347,1
9.660349917661938,1,2.8439143727320673,1
8.93017152960802,1,2.3130993938004005,1
9.39965561166029,1,1.0816141938641715,1
8.696364018237105,2,3.1713787658007218,1
3.76242839292712,2,1.161717233787829,1
4.042942991791363,1,3.3895612093018808,1
6.6863665808827175,2,1.0628548956931818,1
4.722487611585988,2,2.736126140326772,1
6.336868325288114,2,1.205517659279454,1
5.760557266728451,2,3.276691448587849,1
6.845899669013173,1,2.161083090563857,1
8.228130012950759,1,1.3438094370425384,1
8.008436349694922,2,1.8520392494746165,1
6.64863892739734,1,1.412061688366905,1
8.756753931719405,2,1.426454778892725,1
6.016034640766233,2,3.3702708004286057,1
9.277000028880856,1,2.1131152807119706,1
3.4989618903861475,1,2.972005659763399,1
9.682620210233152,1,2.5990139029442045,1
7.582851570019438,2,2.6910659058459805,1
5.660521562560437,1,1.3292335961800963,1
4.380078886010141,2,1.5854611170387143,1
6.354282606105199,1,2.9668758378860924,1
4.361908262297106,1,3.4269155161869573,1
4.164321254201996,2,1.6566891064966294,1
7.321462301890819,2,1.6789219118775995,1
6.661593072072493,2,2.182242832027262,1
7.690672242276592,2,3.459600782138595,1
9.507241141953925,2,1.6723973645661776,1
6.725821493373282,2,2.0174297740856595,1
7.066524372839584,2,3.228700039058767,1
3.6273843740845946,2,1.0073025815534051,1
8.023450501360408,1,1.0994149124714239,1
5.799336447629093,2,2.510179192678048,1
9.837076670638051,2,3.2684504117821174,1
8.762218109169622,1,1.597141651004819,1
6.657367283612828,2,2.1741044367017723,1
3.8625585792051624,1,2.1261632541445454,1
9.015910552964124,1,2.1824283652387755,1
8.598467667968151,2,2.556299239324363,1
4.292095906759231,1,2.174359407476709,1
5.066948024542171,2,2.1186703533061446,1
8.553850807034861,1,2.1857210510781515,1
4.296599125831868,1,2.4771686031776037,1
9.424267424199641,1,2.342518720878396,1
5.971691976374533,2,3.1353399941262605,1
3.6092727381136105,2,1.1237421337341664,1
8.710240504529967,1,3.083292678682531,1
5.614567781268713,1,3.10981153152931,1
6.685494359076467,2,1.712270053827402,1
3.7861304108785343,2,2.1571298875396265,1
3.018088103914877,1,2.096346221343589,1
7.465896440553084,1,1.5462745858853257,1
6.606226192336122,2,1.991992117715791,1
7.15476998386203,2,1.110969430427136,1
8.556206952663615,2,1.694555181954336,1
7.526241393960021,2,3.041705438626795,1
4.22341409979164,2,1.7114057544072439,1
5.525407633774199,1,3.045516671870619,1
9.341237733514323,2,2.3289986615110774,1
8.389612901761753,1,3.1996566934029,1
6.896459405557021,2,2.436948885661038,1
4.7895149846649065,1,1.0741705576618497,1
5.114423512843565,2,2.6885505188677232,1
8.123706473099443,2,1.1121339200589215,1
8.958219825969396,1,2.126492547457835,1
7.699972686714301,1,3.323566736182785,1
8.666709830379093,2,1.4130098483446254,1
8.366592946402843,2,1.9746808823538602,1
4.047927775698704,2,2.824650772121196,1
5.967613690393113,2,3.205646390237119,1
4.070886605799939,2,2.67735751185627,1
4.6466490936138936,1,1.645433135477923,1
9.084817372557367,1,2.6865196322905405,1
6.310243759432275,2,1.741819102760225,1
6.747506712898626,1,2.796073074546838,1
4.249121756594405,1,3.3850828189626014,1
5.185902502341572,1,2.8034836277657207,1
4.611723178995089,2,3.157201257281031,1
4.443303151628985,1,1.0052596079397085,1
7.465725553211791,2,2.793930311828986,1
4.798186933520004,1,3.073968892163126,1
7.424108402142929,2,1.1013968438617034,1
3.409182298759877,1,3.1789943182205764,1
3.992420754689713,2,1.6417355707751147,1
4.921781778000877,2,2.6632302549451383,1
7.179328418269842,1,3.0008871975585167,1
7.7308887156116315,2,2.656661282648389,1
6.099018767456689,2,1.230711980183143,1
6.120536402040603,2,2.490803797150921,1
8.071617959790327,2,2.3739591418053587,1
3.110747642359077,2,3.2508031701856788,1
5.387630171319544,2,2.010599324110523,1
8.730949399834628,2,1.8027027427176252,1
7.222535871493606,2,2.8746269110911657,1
5.360589929287943,1,2.0316883152084917,1
9.338673546307717,1,2.6152404375126572,1
8.408359092145677,2,2.6161252253115173,1
4.854268130657134,2,3.2200976609002945,1
7.517028862680018,1,2.496731005797743,1
7.170255097322697,1,2.2553840249049673,1
5.808315398272879,1,1.3471783159912925,1
5.568692554433605,2,1.2893440166967634,1
5.404923323429927,1,1.3858039132076985,1
7.320090483769528,2,1.4296212033177362,1
6.0968695553646866,2,2.5946927316590847,1
8.823041792759955,1,2.8524531256864463,1
7.687218312937733,2,2.3249788073160467,1
3.489521239966039,2,3.0725443313637277,1
7.481177566797163,2,3.478158066834083,1
4.898032055501293,2,3.05003157279839,1
7.149683941573959,1,2.737205934189898,1
7.76092351772416,1,2.3312317485928666,1
4.615804324078084,2,2.1221326791867705,1
6.198010514162581,2,1.2109809513613559,1
4.332274039733475,1,1.9984218709867274,1
3.366372130505558,2,3.2753365919553357,1
5.649334964401083,1,3.0200565747663823,1
5.540609902921943,2,1.540128412529218,1
9.968363434929799,2,2.1665194617430394,1
6.124466458383495,1,3.0418080063963613,1
5.334986846305403,1,1.1684613869638063,1
7.063325047016722,1,1.9684814641716484,1
3.621371758754379,1,3.129603092184869,1
9.731660151683691,2,2.0097446604253095,1
7.444720319137232,1,1.194036611828602,1
8.283864739585933,2,2.3563359213306287,1
4.193345567217422,1,3.1543562372957386,1
5.866344971036427,1,2.475713857382899,1
5.958823793773327,2,1.5656977705355795,1
8.752645107307607,1,1.9605990503434534,1
3.0086567583158663,1,2.1253084029548304,1
5.105971758472785,1,2.448165884551317,1
9.868654620410126,1,2.8983775643815326,1
6.3242058045435305,2,1.2471840441015885,1
5.677683961708057,2,3.224130082543916,1
3.8388030141235245,1,1.030774257540189,1
9.81915240039611,1,1.9251308366856381,1
3.1401844914807713,1,1.068550774931644,1
8.1602615750507,2,1.9824355633632282,1
8.380198633519559,2,2.3145314971833093,1
4.7055970124470665,2,2.2792034664537795,1
7.700909105291261,2,1.4140708675706635,1
3.6505040106557294,1,2.6143512752390308,1
4.799330865024559,1,1.1119461262616706,1
8.515313918045855,1,2.9047670503310385,1
9.052803344234782,2,3.3666110849838655,1
7.259404888618539,1,1.8494220678777946,1
6.547869022743378,2,2.29309845428583,1
4.1151281443328624,2,1.947275695147036,1
3.4417632315540514,1,1.01677597576015,1
3.8235431993149103,1,1.96468625723779,1
4.591501100672692,1,2.979300648153366,1
5.391721513278446,2,2.4899721054587047,1
5.66636667857691,2,1.2531497865378973,1
5.424252380123025,1,3.1178487242344626,1
4.673387325380859,1,2.327713362213107,1
6.5680697272618875,2,3.1043084043616904,1
8.777002757630278,1,2.4505537969625735,1
4.957924769300354,2,2.3992211120948497,1
9.596709133715631,2,1.263147962992531,1
9.113356632066935,1,1.4183993328465698,1
4.132349479464767,1,3.4300631412414777,1
8.503931697299661,1,1.5712168668869269,1
7.022111676224366,1,3.44363029497592,1
6.96602753519993,2,2.329781766310658,1
5.737299341407221,2,1.3394726176598428,1
6.5080709942740675,2,1.2482555068842323,1
5.780251442004477,1,1.52216017676435,1
6.7781283313196,2,3.3140933250633395,1
7.39565036940845,1,2.035375560820567,1
7.720126644863339,1,1.988585669982286,1
6.727368347915983,1,1.783015652675435,1
8.049954471301122,1,1.367654626416471,1
3.9889463449285407,1,2.219627992981016,1
4.4838774363156695,1,1.3251194562778468,1
8.73114502851989,2,3.088700590955819,1
5.257695844924906,1,1.925992465688266,1
3.160256774832842,2,1.9370089194544908,1
4.076538047676218,2,2.1850160712078894,1
4.565301041474179,1,2.110319282914379,1
9.70126021526211,1,3.4871449326483037,1
7.0112900025159455,1,2.3634528030457562,1
9.529115183333783,2,1.2205042594746767,1
7.026143453476374,1,2.517193353942325,1
6.355481080964962,2,1.3789607321747,1
5.196093838358673,1,1.0773441118283549,1
7.244596611033629,1,3.42685538419312,1
3.974386172322709,2,2.9338472288364095,1
9.287831391048941,2,3.450272481034417,1
8.805326835988986,1,2.194696120055606,1
5.222720135137159,2,2.33064382787244,1
9.66958269320906,2,1.4208423897978255,1
8.776405371908977,2,1.617268566668964,1
7.664148200845278,2,3.0963730372570706,1
3.8523333778769233,2,1.8904641177939854,1
6.347638161336506,1,3.0670374344910476,1
6.542752883927256,1,2.7725343107175795,1
4.627859508557661,2,1.4429273131796638,1
3.5597577605151134,1,2.2686159152993555,1
8.437065413301848,1,2.6934683037967924,1
3.8542453648707653,2,1.5875930370095628,1
7.160035253932423,1,3.076721276300192,1
9.555144217185624,2,2.362069143862967,1
9.132736348186299,2,1.413105126106508,1
4.9442683662448275,1,2.457461065411506,1
8.960140462858856,2,3.499284510389785,1
3.002327542843426,2,1.3763037291585338,1
3.1238146672928004,2,3.04189232529882,1
7.217872146900055,2,1.518272507968895,1
5.553587534011706,2,2.955970823650218,1
5.70522588811403,1,2.836444807803533,1
6.951087634752177,1,1.7512234640010809,1
4.342477189143024,2,1.8145577939111246,1
4.482287454658349,2,2.981303479907298,1
6.392211109132052,1,2.1536137797182815,1
8.27977481040704,2,2.827045071779522,1
7.336484259853114,1,1.369960368414587,1
5.081485337657872,2,3.1313944547538837,1
6.0123602425624485,2,2.7772117917057977,1
4.194653309849989,2,3.2673570220870847,1
3.522408700359572,2,1.3309309475874311,1
8.478872285209045,2,2.482536250901494,1
4.857711864317363,2,2.4978014626008127,1
4.244364714958738,2,1.883651851366956,1
7.841326388985236,1,2.1461660614231444,1
7.326361720010302,1,1.0949539082246336,1
7.432327382094249,1,2.86465009656753,1
4.602262233926295,2,2.373306198507935,1
4.628518769938767,2,1.1443526296729345,1
4.5456184084994735,2,2.701889732401214,1
4.216268169636061,2,2.16695519307797,1
7.590065707931594,2,1.0861531485625,1
8.93611119674581,2,3.4240193171202384,1
8.070222287736629,2,3.372780357723601,1
8.544655436323803,1,2.2822560403679937,1
5.833589003596399,2,1.2341810517647755,1
7.578530567603987,1,2.8865530539964794,1
5.479653683113422,1,2.229827750264323,1
6.67853235378048,2,1.7561186957234498,1
6.371443925744036,2,2.2285454438213916,1
4.238210016006981,1,2.3061103635136613,1
5.709551322349416,1,2.406779247555848,1
9.746755928376457,2,2.1030592841383164,1
4.740061804004594,2,2.5143882578476417,1
3.936626153956421,1,3.2968367765159434,1
5.930064351367546,2,1.905670217746478,1
8.532364151021037,2,2.8142911580498726,1
7.075037608459806,2,3.2361313920605803,1
7.766823790667711,1,2.139948189399842,1
4.32786393722274,1,2.1086395909547604,1
7.332637351054051,1,2.505292463386949,1
5.264502764380316,2,2.4785168985562205,1
8.840123561683374,2,3.0164733558156924,1
7.405091642075154,1,2.1912084594457317,1
4.391993944427071,1,3.490307374098603,1
3.4523167589086032,1,1.1486789221682019,1
3.2984324650092294,2,1.0079196214517543,1
5.599859973550985,1,2.6004957788990595,1
4.860957956580195,1,1.7460872809046917,1
7.522630864237557,2,1.6009559717487094,1
6.495336844850328,2,1.7797477000107012,1
4.862134946037665,2,1.6401189127623859,1
4.044664445651232,1,1.0769751241511196,1
3.890398338812147,2,3.4288326059764715,1
9.052622744982923,2,1.5518637211319544,1
4.704345778834071,1,2.835074406473266,1
7.561974535376779,2,2.906490986735438,1
8.674801495903864,1,3.323143495018073,1
7.298569178293152,1,1.0763736427334498,1
9.016956621528621,2,3.180120846117519,1
5.746756050699322,2,2.3180654520995008,1
9.693555334542637,2,2.5813602749145694,1
3.9320150292466787,2,2.6111756928025844,1
3.7150467076027667,2,3.049494512461819,1
7.610845023452105,2,1.8335183053977762,1
9.599817989892832,1,2.8326279746499834,1
